{"cameraMode":{"drawMode":0,"name":"Shaded","section":"Shading Mode"},"sceneLighting":true,"audioPlay":false,"sceneViewState":{"m_AlwaysRefresh":false,"showFog":true,"showSkybox":true,"showFlares":true,"showImageEffects":true,"showParticleSystems":true,"showVisualEffectGraphs":true,"m_FxEnabled":true},"in2DMode":false,"pivot":{"x":3.949479341506958,"y":24.564212799072267,"z":-36.75726318359375},"rotation":{"x":0.5424189567565918,"y":-0.0037832094822078945,"z":0.002445269376039505,"w":0.840117871761322},"size":0.34073466062545779,"orthographic":false}